"Chatillon - Montrouge","chatillon+++montrouge"
"Vauban","vauban"
"Centre de Chatillon","centre+de+chatillon"
"Parc Andre Malraux","parc+andre+malraux"
"Division Leclerc","division+leclerc"
"Soleil Levant","soleil+levant"
"Hopital Beclere","hopital+beclere"
"Mail de la Plaine","mail+de+la+plaine"
"Pave Blanc (Parc Noveos)","pave+blanc+(parc+noveos)"
"Georges Pompidou","georges+pompidou"
"Georges Millandy","georges+millandy"
"Meudon-La-Foret","meudon+la+foret"
"Velizy 2","velizy+2"
"Dewoitine","dewoitine"
"Inovel Parc Nord","inovel+parc+nord"
"Louvois","louvois"
"Mairie de Velizy","mairie+de+velizy"
"L'Onde (Maison des Arts)","l'onde+(maison+des+arts)"
"Robert Wagner","robert+wagner"
"Viroflay - Rive Gauche","viroflay+++rive+gauche"
"Viroflay - Rive Droite","viroflay+++rive+droite"
